カテゴリ,フラグ,フラグON時売上,フラグOFF時売上,売上差分,売上影響率(%),フラグON日数,フラグOFF日数,数量影響率(%),絶対影響額
100:米飯,祝日フラグ,1279.3245192307693,1666.2763187429855,-386.9517995122162,-23.22254689451069,423,8978,-22.9736772040106,386.9517995122162
100:米飯,土曜フラグ,1554.9992283950617,1664.1895392278955,-109.1903108328338,-6.5611703630520894,1309,8092,-5.259223838548656,109.1903108328338
100:米飯,日曜フラグ,1359.8162291169451,1694.067666377494,-334.251437260549,-19.730701665258437,1274,8127,-19.410613091382054,334.251437260549
100:米飯,週末フラグ,1458.8985507246377,1720.6781337664256,-261.7795830417879,-15.213744970930357,2583,6818,-14.29780478240541,261.7795830417879
100:米飯,平日フラグ,1749.5601698914581,1433.7376220949816,315.82254779647656,22.027918004620382,6395,3006,20.765936481882854,315.82254779647656
100:米飯,休日フラグ,1433.7376220949816,1749.5601698914581,-315.82254779647656,-18.05153965159541,3006,6395,-17.195193517998455,315.82254779647656
100:米飯,連休フラグ,1403.6059701492538,1678.656050955414,-275.05008080616017,-16.385136231428366,1023,8378,-16.416600246754523,275.05008080616017
100:米飯,降雨フラグ,1758.1168831168832,1572.3102629656685,185.8066201512147,11.81742716610836,3875,5526,10.377481620623778,185.8066201512147
185:洋風菓子・駄菓子,祝日フラグ,305.9465648854962,331.9580005153311,-26.01143562983492,-7.835761026833156,131,3936,-4.3719199922697864,26.01143562983492
185:洋風菓子・駄菓子,土曜フラグ,305.07078039927404,335.2539728402196,-30.18319244094556,-9.00308270331243,558,3509,-8.691679071759223,30.18319244094556
185:洋風菓子・駄菓子,日曜フラグ,292.81063829787234,336.19057029926597,-43.37993200139363,-12.903375595210246,487,3580,-14.950699154510827,43.37993200139363
185:洋風菓子・駄菓子,週末フラグ,299.42703232125365,341.92343697759947,-42.49640465634582,-12.428631693688168,1045,3022,-13.321254762337952,42.49640465634582
185:洋風菓子・駄菓子,平日フラグ,343.5713286713287,300.16840277777777,43.4029258935509,14.459525217143918,2891,1176,14.883774704275405,43.4029258935509
185:洋風菓子・駄菓子,休日フラグ,300.16840277777777,343.5713286713287,-43.4029258935509,-12.632871916699292,1176,2891,-12.955506330278599,43.4029258935509
185:洋風菓子・駄菓子,連休フラグ,301.1782729805014,334.05009581166166,-32.87182283116027,-9.840387188421431,373,3694,-8.916812268920383,32.87182283116027
185:洋風菓子・駄菓子,降雨フラグ,339.1461836998706,326.0697485806975,13.07643511917314,4.010318398468944,1553,2514,3.224589332509051,13.07643511917314
180:ガム・キャンディ,祝日フラグ,401.04407713498625,426.38910263075803,-25.34502549577178,-5.944107234307046,363,9680,-5.917463179214746,25.34502549577178
180:ガム・キャンディ,土曜フラグ,462.98901853122857,419.05291564003284,43.93610289119573,10.484619304960741,1463,8580,9.704401156540818,43.93610289119573
180:ガム・キャンディ,日曜フラグ,396.65631929046566,429.98574243653644,-33.32942314607078,-7.751285648963122,1357,8686,-8.312422350664324,33.32942314607078
180:ガム・キャンディ,週末フラグ,431.05017793594305,423.2792189679219,7.770958968021148,1.8358942796598923,2820,7223,1.030127077700213,7.770958968021148
180:ガム・キャンディ,平日フラグ,424.46496253856327,427.6173967853766,-3.152434246813357,-0.7372090729965273,6860,3183,0.00035110692310069696,3.152434246813357
180:ガム・キャンディ,休日フラグ,427.6173967853766,424.46496253856327,3.152434246813357,0.7426842083643013,3183,6860,-0.0003511056903443108,3.152434246813357
180:ガム・キャンディ,連休フラグ,434.50647948164146,424.5427435387674,9.963735942874052,2.346933517181694,933,9110,2.0646095404100215,9.963735942874052
180:ガム・キャンディ,降雨フラグ,433.2528567955264,420.00920402249875,13.243652773027634,3.153181560354141,4139,5904,3.6079096317482025,13.243652773027634
145:パン,祝日フラグ,542.3583138173302,822.1724060065485,-279.8140921892183,-34.03350564248803,430,8907,-33.7027711595959,279.8140921892183
145:パン,土曜フラグ,650.660406885759,834.6270297277042,-183.9666228419452,-22.04177630120175,1288,8049,-21.84210530790719,183.9666228419452
145:パン,日曜フラグ,540.0166112956811,849.4292079207921,-309.41259662511106,-36.4259427083373,1217,8120,-36.576023682908364,309.41259662511106
145:パン,週末フラグ,596.9879129734086,886.7750661570126,-289.787153183604,-32.678766492549784,2505,6832,-32.650965253391554,289.787153183604
145:パン,平日フラグ,909.8442352941177,588.9690615331729,320.8751737609448,54.48081991364022,6402,2935,54.29221313176077,320.8751737609448
145:パン,休日フラグ,588.9690615331729,909.8442352941177,-320.8751737609448,-35.26704476587887,2935,6402,-35.18791520956207,320.8751737609448
145:パン,連休フラグ,586.5055055055055,836.1676523838262,-249.66214687832064,-29.857905429199523,1014,8323,-29.329984181950973,249.66214687832064
145:パン,降雨フラグ,879.2526671870934,759.8970777430619,119.35558944403147,15.706809900957172,3860,5477,15.440807937429776,119.35558944403147
205:健康サポート飲料,祝日フラグ,718.8533333333334,964.6852286049239,-245.8318952715905,-25.48312008748174,75,1711,-24.09436499205475,245.8318952715905
205:健康サポート飲料,土曜フラグ,1032.5450980392156,941.2634338138926,91.28166422532308,9.697780764250039,256,1530,8.843732096501384,91.28166422532308
205:健康サポート飲料,日曜フラグ,917.2955465587045,960.2966101694915,-43.001063610787014,-4.477893929376401,248,1538,-4.081588650035583,43.001063610787014
205:健康サポート飲料,週末フラグ,975.8386454183267,945.8921032056294,29.946542212697295,3.16595752424705,504,1282,2.893904289848254,29.946542212697295
205:健康サポート飲料,平日フラグ,960.0348837209302,942.4350086655113,17.59987505541892,1.867489523796485,1207,579,1.8531266695733812,17.59987505541892
205:健康サポート飲料,休日フラグ,942.4350086655113,960.0348837209302,-17.59987505541892,-1.833253702949296,579,1207,-1.8194106849416594,17.59987505541892
205:健康サポート飲料,連休フラグ,908.8378378378378,959.6065162907269,-50.76867845288905,-5.290572499354301,185,1601,-5.578208129389223,50.76867845288905
205:健康サポート飲料,降雨フラグ,980.3454545454546,936.8855534709194,43.459901074535196,4.638763071276686,716,1070,4.769019500137324,43.459901074535196
215:ドライ飲料,祝日フラグ,1686.7241379310344,2143.0723053892216,-456.34816745818716,-21.294109690587685,290,6683,-21.353758365742788,456.34816745818716
215:ドライ飲料,土曜フラグ,2567.78936605317,2051.6647196261683,516.1246464270016,25.15638356938965,978,5995,25.699191715949134,516.1246464270016
215:ドライ飲料,日曜フラグ,2294.544117647059,2097.119807244932,197.42431040212705,9.41406922580599,955,6018,9.26808258634148,197.42431040212705
215:ドライ飲料,週末フラグ,2433.0072538860104,2005.7875,427.2197538860105,21.299352692446757,1933,5040,21.547397910287806,427.2197538860105
215:ドライ飲料,平日フラグ,2025.2671578947368,2335.51981981982,-310.2526619250832,-13.28409458537665,4750,2223,-13.443330350109056,310.2526619250832
215:ドライ飲料,休日フラグ,2335.51981981982,2025.2671578947368,310.2526619250832,15.319098061491825,2223,4750,15.531247221601015,310.2526619250832
215:ドライ飲料,連休フラグ,2257.931721194879,2109.0708472953565,148.86087389952263,7.058125813574247,704,6269,7.3345506739437845,148.86087389952263
215:ドライ飲料,降雨フラグ,2147.7813063875856,2108.4474874970233,39.33381889056227,1.8655346705957647,2772,4201,1.3038317336560041,39.33381889056227
135:牛乳・チルド飲料,祝日フラグ,573.8225806451613,708.8084663428175,-134.98588569765616,-19.04405662563994,124,2891,-21.49257758383621,134.98588569765616
135:牛乳・チルド飲料,土曜フラグ,652.2174940898345,711.595818815331,-59.37832472549644,-8.344389210205005,425,2590,-10.07201075603698,59.37832472549644
135:牛乳・チルド飲料,日曜フラグ,601.371921182266,719.1473076923077,-117.7753865100417,-16.377087872020894,406,2609,-16.92549878037904,117.7753865100417
135:牛乳・チルド飲料,週末フラグ,627.3160434258142,732.1520440973817,-104.83600067156749,-14.31888383249853,831,2184,-15.61421199447654,104.83600067156749
135:牛乳・チルド飲料,平日フラグ,741.7150511446663,620.3557187827912,121.35933236187509,19.562861868992837,2060,955,21.84889486696177,121.35933236187509
135:牛乳・チルド飲料,休日フラグ,620.3557187827912,741.7150511446663,-121.35933236187509,-16.36198863358441,955,2060,-17.93113912999953,121.35933236187509
135:牛乳・チルド飲料,連休フラグ,640.7263843648209,710.3508706928492,-69.6244863280283,-9.80142197335793,308,2707,-11.135801656176286,69.6244863280283
135:牛乳・チルド飲料,降雨フラグ,731.0836206896552,685.7437703141928,45.33985037546233,6.611777217412943,1164,1851,8.850928590466978,45.33985037546233
220:化粧品,祝日フラグ,542.6666666666666,520.8577277379734,21.808938928693237,4.187120161086408,27,1000,6.161279881629435,21.808938928693237
220:化粧品,土曜フラグ,592.9248554913295,506.56317689530687,86.36167859602261,17.04855041484219,179,848,9.885599097197696,86.36167859602261
220:化粧品,日曜フラグ,585.0512820512821,509.7429245283019,75.3083575229802,14.77379163088294,160,867,11.17978685546254,75.3083575229802
220:化粧品,週末フラグ,589.1914893617021,488.4237037037037,100.76778565799839,20.631223442654196,339,688,13.402194631909751,100.76778565799839
220:化粧品,平日フラグ,486.16358024691357,585.6629213483146,-99.49934110140106,-16.989182253903564,661,366,-12.04677337695214,99.49934110140106
220:化粧品,休日フラグ,585.6629213483146,486.16358024691357,99.49934110140106,20.466226830662052,366,661,13.69679526208004,99.49934110140106
220:化粧品,連休フラグ,561.2421052631579,517.2849284928493,43.95717677030859,8.497672046696067,99,928,5.671451355661891,43.95717677030859
220:化粧品,降雨フラグ,524.273417721519,519.6091954022988,4.66422231922013,0.8976404498786694,398,629,1.5956498484578325,4.66422231922013
225:バス・洗面用品,祝日フラグ,391.1818181818182,324.1749271137026,67.00689106811558,20.669979527631163,11,355,5.191675794085433,67.00689106811558
225:バス・洗面用品,土曜フラグ,404.96923076923076,308.5536332179931,96.41559755123768,31.24759755563146,69,297,26.462459695992628,96.41559755123768
225:バス・洗面用品,日曜フラグ,344.7291666666667,323.359477124183,21.369689542483684,6.60864797671505,49,317,-0.3369272237196754,21.369689542483684
225:バス・洗面用品,週末フラグ,379.3805309734513,301.34854771784234,78.03198325560896,25.89426225762721,118,248,18.228164678722603,78.03198325560896
225:バス・洗面用品,平日フラグ,297.0521739130435,380.4274193548387,-83.37524544179524,-21.91620298641725,237,129,-15.417859932309282,83.37524544179524
225:バス・洗面用品,休日フラグ,380.4274193548387,297.0521739130435,83.37524544179524,28.067542594790705,129,237,18.228268899285872,83.37524544179524
225:バス・洗面用品,連休フラグ,357.45714285714286,322.83385579937305,34.6232870577698,10.724800523798422,38,328,12.13911742707553,34.6232870577698
225:バス・洗面用品,降雨フラグ,329.2651515151515,324.4684684684685,4.796683046683029,1.4783202415088188,135,231,4.082332761578043,4.796683046683029
240:紙・衛生用品,祝日フラグ,500.71276595744683,606.6014862981885,-105.88872034074171,-17.456060153583227,94,2176,-9.959897279163762,105.88872034074171
240:紙・衛生用品,土曜フラグ,674.0621468926554,588.7279450607501,85.33420183190526,14.494674925461492,357,1913,18.461411469886038,85.33420183190526
240:紙・衛生用品,日曜フラグ,564.4518272425249,608.0061664953752,-43.55433925285024,-7.163469986481057,302,1968,-0.3841215140972591,43.55433925285024
240:紙・衛生用品,週末フラグ,623.6916030534351,593.3178391959799,30.373763857455174,5.1193073679725245,659,1611,11.698683997712886,30.373763857455174
240:紙・衛生用品,平日フラグ,599.1288384512684,608.2576769025367,-9.12883845126828,-1.5008176300799942,1517,753,-8.231884057971016,9.12883845126828
240:紙・衛生用品,休日フラグ,608.2576769025367,599.1288384512684,9.12883845126828,1.523685368720704,753,1517,8.970309538850287,9.12883845126828
240:紙・衛生用品,連休フラグ,601.0347826086957,602.3014377788795,-1.266655170183867,-0.21030253137946003,231,2039,5.226750032357311,1.266655170183867
240:紙・衛生用品,降雨フラグ,619.7081545064377,589.7429657794677,29.96518872697004,5.0810591165534,940,1330,4.402844130126414,29.96518872697004
130:デザート,祝日フラグ,419.2608695652174,528.9306872037914,-109.66981763857405,-20.734251252909328,77,1732,-23.60490755922429,109.66981763857405
130:デザート,土曜フラグ,497.12340425531914,528.8699080157687,-31.74650376044957,-6.002705633140886,244,1565,-5.1595214356929056,31.74650376044957
130:デザート,日曜フラグ,438.805,535.6473988439307,-96.84239884393065,-18.07950510969385,212,1597,-18.428372416995593,96.84239884393065
130:デザート,週末フラグ,470.3103448275862,542.4954614220877,-72.1851165945015,-13.306123595076121,456,1353,-12.981638968367609,72.1851165945015
130:デザート,平日フラグ,549.2817238627295,463.32142857142856,85.9602952913009,18.553058414834076,1276,533,18.836121110165475,85.9602952913009
130:デザート,休日フラグ,463.32142857142856,549.2817238627295,-85.9602952913009,-15.64958227388304,533,1276,-15.85050145881461,85.9602952913009
130:デザート,連休フラグ,488.1509433962264,528.2528160200251,-40.10187262379867,-7.591416724653765,174,1635,-8.829701834862396,40.10187262379867
130:デザート,降雨フラグ,548.3573446327683,508.6053384175405,39.75200621522782,7.815884579369739,729,1080,4.907652837896993,39.75200621522782
200:健康食品,祝日フラグ,296.9811320754717,336.5047679593134,-39.523635883841735,-11.745342012099071,53,1583,-9.590534326938329,39.523635883841735
200:健康食品,土曜フラグ,293.29716981132077,341.501414427157,-48.20424461583622,-14.115386519465877,214,1422,-12.30005875824248,48.20424461583622
200:健康食品,日曜フラグ,279.7389162561576,343.1307097680956,-63.391793511937976,-18.47453221391383,205,1431,-18.211741352675162,63.391793511937976
200:健康食品,週末フラグ,286.66506024096384,351.85466556564825,-65.18960532468441,-18.527423878232327,419,1217,-17.36263563081627,65.18960532468441
200:健康食品,平日フラグ,354.36614853195164,287.8333333333333,66.53281519861832,23.115048708263462,1164,472,21.078902103141516,66.53281519861832
200:健康食品,休日フラグ,287.8333333333333,354.36614853195164,-66.53281519861832,-18.77516107964792,472,1164,-17.409227980268085,66.53281519861832
200:健康食品,連休フラグ,288.9555555555556,339.40509725016767,-50.449541694612094,-14.86410843659985,135,1501,-13.829059829059837,50.449541694612094
200:健康食品,降雨フラグ,346.41606886657104,326.81377825618944,19.6022906103816,5.998000058313135,702,934,4.4473718533976925,19.6022906103816
110:調理パン,祝日フラグ,1368.7117117117118,1899.6856111862878,-530.973899474576,-27.950619636635622,113,2237,-28.180934689810428,530.973899474576
110:調理パン,土曜フラグ,1769.04375,1891.1533864541832,-122.10963645418315,-6.456886962676917,323,2027,-5.9489727180868925,122.10963645418315
110:調理パン,日曜フラグ,1525.1410256410256,1928.4156746031747,-403.27464896214906,-20.9122262525238,315,2035,-20.446392985253084,403.27464896214906
110:調理パン,週末フラグ,1648.636075949367,1958.4858490566037,-309.8497731072366,-15.820883937276864,638,1712,-15.271464654164143,309.8497731072366
110:調理パン,平日フラグ,1999.788643533123,1606.8169582772543,392.9716852558686,24.456530859444776,1599,751,23.784698423217527,392.9716852558686
110:調理パン,休日フラグ,1606.8169582772543,1999.788643533123,-392.9716852558686,-19.65066090992429,751,1599,-19.214570723352328,392.9716852558686
110:調理パン,連休フラグ,1552.547619047619,1913.4335260115606,-360.8859069639416,-18.860645120825648,258,2092,-19.036895762004335,360.8859069639416
110:調理パン,降雨フラグ,1944.290890269151,1824.7760646108663,119.51482565828474,6.5495612297923955,971,1379,5.380002622763209,119.51482565828474
290:たばこ,祝日フラグ,1065.68779342723,1292.7109800362975,-227.02318660906758,-17.561789921726596,454,13335,-18.42373833688771,227.02318660906758
290:たばこ,土曜フラグ,1075.229854689564,1311.873352010547,-236.643497320983,-18.03859320400926,1528,12261,-18.227995068723082,236.643497320983
290:たばこ,日曜フラグ,1031.0316742081448,1313.018906199286,-281.98723199114124,-21.476250696754406,1326,12463,-21.0530393017611,281.98723199114124
290:たばこ,週末フラグ,1054.593661971831,1346.3225716928769,-291.72890972104597,-21.66857451956879,2854,10935,-21.5620257850214,291.72890972104597
290:たばこ,平日フラグ,1357.8355161787365,1056.0407225964482,301.7947935822883,28.57795036921272,10481,3308,28.63584401920079,301.7947935822883
290:たばこ,休日フラグ,1056.0407225964482,1357.8355161787365,-301.7947935822883,-22.226167307186717,3308,10481,-22.261170078634127,301.7947935822883
290:たばこ,連休フラグ,1091.241769547325,1300.528947783562,-209.28717823623697,-16.092465961093485,1011,12778,-16.107807284368338,209.28717823623697
290:たばこ,降雨フラグ,1305.198418404026,1272.1579272817214,33.0404911223045,2.5972004272224005,5610,8179,2.0757549631570957,33.0404911223045
245:衣料品,祝日フラグ,717.0,767.7445008460237,-50.7445008460237,-6.609555755867387,20,631,-2.3761118170266773,50.7445008460237
245:衣料品,土曜フラグ,713.2627118644068,778.7261663286004,-65.46345446419355,-8.406479362678796,127,524,-7.016694278068049,65.46345446419355
245:衣料品,日曜フラグ,745.3493975903615,769.342803030303,-23.99340543994151,-3.1186884891150997,85,566,-3.587153145158537,23.99340543994151
245:衣料品,週末フラグ,726.5124378109452,785.4829268292683,-58.970489018323065,-7.507545613545949,212,439,-6.783287861766435,58.970489018323065
245:衣料品,平日フラグ,788.9948717948718,725.6515837104073,63.34328808446446,8.729160041321355,419,232,7.283511269276404,63.34328808446446
245:衣料品,休日フラグ,725.6515837104073,788.9948717948718,-63.34328808446446,-8.028352318737616,232,419,-6.789031402034507,63.34328808446446
245:衣料品,連休フラグ,696.7285714285714,775.0573012939002,-78.3287298653288,-10.106185663249006,72,579,-8.57535861662408,78.3287298653288
245:衣料品,降雨フラグ,824.9918367346938,726.6502732240438,98.34156351065008,13.533547998863686,260,391,11.799868334430544,98.34156351065008
210:医薬品・医薬部外品,祝日フラグ,528.4444444444445,759.2592592592592,-230.81481481481478,-30.399999999999995,9,216,-30.4,230.81481481481478
210:医薬品・医薬部外品,土曜フラグ,678.7777777777778,763.5978835978837,-84.82010582010582,-11.107954545454545,36,189,-11.107954545454533,84.82010582010582
210:医薬品・医薬部外品,日曜フラグ,650.5333333333333,765.3333333333334,-114.80000000000007,-15.000000000000007,30,195,-15.000000000000002,114.80000000000007
210:医薬品・医薬部外品,週末フラグ,665.939393939394,784.930817610063,-118.99142367066895,-15.159479154222911,66,159,-15.159479154222907,118.99142367066895
210:医薬品・医薬部外品,平日フラグ,800.32,649.44,150.88,23.23232323232323,150,75,23.232323232323232,150.88
210:医薬品・医薬部外品,休日フラグ,649.44,800.32,-150.88,-18.852459016393443,75,150,-18.852459016393443,150.88
210:医薬品・医薬部外品,連休フラグ,622.0689655172414,768.9591836734694,-146.890218156228,-19.10247270271284,29,196,-19.102472702712838,146.890218156228
210:医薬品・医薬部外品,降雨フラグ,814.4090909090909,708.6715328467153,105.73755806237557,14.920531326781324,88,137,14.920531326781322,105.73755806237557
195:スナック菓子,祝日フラグ,296.578125,321.7496679946879,-25.17154299468791,-7.823331458761131,64,1514,-9.376028637261355,25.17154299468791
195:スナック菓子,土曜フラグ,316.04545454545456,321.4859259259259,-5.440471380471365,-1.6922891304812244,221,1357,-3.1693077564637218,5.440471380471365
195:スナック菓子,日曜フラグ,308.3705583756345,322.49599417334304,-14.12543579770852,-4.380034497456745,200,1378,-7.122826594317047,14.12543579770852
195:スナック菓子,週末フラグ,312.4196642685851,323.7267996530789,-11.30713538449379,-3.4928017688405957,421,1157,-5.9152338282305355,11.30713538449379
195:スナック菓子,平日フラグ,325.3223140495868,310.3118503118503,15.010463737736472,4.837218985562939,1093,485,7.631774268732074,15.010463737736472
195:スナック菓子,休日フラグ,310.3118503118503,325.3223140495868,-15.010463737736472,-4.614028331130253,485,1093,-7.0906331523229085,15.010463737736472
195:スナック菓子,連休フラグ,324.359477124183,320.33098094565986,4.028496178523142,1.257604296228383,156,1422,-0.8863662424033929,4.028496178523142
195:スナック菓子,降雨フラグ,336.2547864506627,308.8877665544332,27.36701989622952,8.859858777025027,679,899,10.462743965190386,27.36701989622952
120:惣菜,祝日フラグ,407.56410256410254,439.7551652892562,-32.19106272515364,-7.3202239032211125,39,993,-6.681244783032955,32.19106272515364
120:惣菜,土曜フラグ,392.1136363636364,445.5074285714286,-53.39379220779222,-11.984938697656652,137,895,-11.328338495172154,53.39379220779222
120:惣菜,日曜フラグ,357.66386554621846,449.34234234234236,-91.6784767961239,-20.402812768149154,126,906,-19.238841471946273,91.6784767961239
120:惣菜,週末フラグ,375.7808764940239,459.3346560846561,-83.55377959063219,-18.19017539474163,263,769,-17.192525671960038,83.55377959063219
120:惣菜,平日フラグ,462.1506276150628,380.0551724137931,82.09545520126966,21.600930906917508,730,302,20.132618855367152,82.09545520126966
120:惣菜,休日フラグ,380.0551724137931,462.1506276150628,-82.09545520126966,-17.763787452788897,302,730,-16.75866142534167,82.09545520126966
120:惣菜,連休フラグ,412.8020833333333,441.21734357848516,-28.415260245151842,-6.440195667443713,99,933,-5.979844584749882,28.415260245151842
120:惣菜,降雨フラグ,440.7265625,437.14125200642053,3.5853104935794704,0.8201720787327597,393,639,-0.7380327041785489,3.5853104935794704
115:サラダ,祝日フラグ,475.68,462.93582887700535,12.744171122994658,2.7529023091406866,31,782,-6.010471204188481,12.744171122994658
115:サラダ,土曜フラグ,338.2048192771084,478.4014492753623,-140.1966299982539,-29.305226857195066,92,721,-26.512680556480067,140.1966299982539
115:サラダ,日曜フラグ,384.18461538461537,470.61581920903956,-86.43120382442419,-18.365554300679577,73,740,-23.043478260869566,86.43120382442419
115:サラダ,週末フラグ,358.39864864864865,488.2,-129.80135135135134,-26.587740956851974,165,648,-27.103442728442722,129.80135135135134
115:サラダ,平日フラグ,488.7216666666667,375.3468208092485,113.37484585741817,30.205356638689988,617,196,33.45714285714285,113.37484585741817
115:サラダ,休日フラグ,375.3468208092485,488.7216666666667,-113.37484585741817,-23.19824423392009,196,617,-25.069578248768998,113.37484585741817
115:サラダ,連休フラグ,410.3015873015873,468.0549295774648,-57.753342275877515,-12.33900951070298,77,736,-18.499592683107455,57.753342275877515
115:サラダ,降雨フラグ,488.4848484848485,444.62302483069976,43.861823654148736,9.864946528770101,338,475,9.336921850079742,43.861823654148736
125:日配品・生鮮品,祝日フラグ,201.85714285714286,230.31898238747553,-28.461839530332668,-12.3575743672096,16,523,-25.434116445352394,28.461839530332668
125:日配品・生鮮品,土曜フラグ,202.07692307692307,234.35570469798657,-32.2787816210635,-13.773414076973744,79,460,-16.53581510232886,32.2787816210635
125:日配品・生鮮品,日曜フラグ,218.19402985074626,231.22270742358077,-13.02867757283451,-5.634687751046465,68,471,-8.44189946973419,13.02867757283451
125:日配品・生鮮品,週末フラグ,209.5241379310345,237.20526315789473,-27.681125226860246,-11.669692678123427,147,392,-14.844964785511749,27.681125226860246
125:日配品・生鮮品,平日フラグ,238.55737704918033,208.8490566037736,29.70832044540674,14.224780771583315,376,163,20.327868852458998,29.70832044540674
125:日配品・生鮮品,休日フラグ,208.8490566037736,238.55737704918033,-29.70832044540674,-12.45332289149128,163,376,-16.893732970027237,29.70832044540674
125:日配品・生鮮品,連休フラグ,205.38636363636363,231.77130977130977,-26.384946134946148,-11.384043245464825,47,492,-16.362166927899697,26.384946134946148
125:日配品・生鮮品,降雨フラグ,227.49748743718592,230.81901840490798,-3.3215309677220546,-1.439019622679163,205,334,2.28704498100257,3.3215309677220546
250:文具・玩具・趣味雑貨,祝日フラグ,1208.2727272727273,1278.82056892779,-70.54784165506271,-5.516633323642315,11,466,-9.004725251864844,70.54784165506271
250:文具・玩具・趣味雑貨,土曜フラグ,1288.623188405797,1275.1804511278197,13.442737277977358,1.054183136675917,70,407,-2.758822382530717,13.442737277977358
250:文具・玩具・趣味雑貨,日曜フラグ,1020.7575757575758,1319.2587064676618,-298.50113071008604,-22.626428709295997,68,409,-22.463364259253186,298.50113071008604
250:文具・玩具・趣味雑貨,週末フラグ,1157.6666666666667,1325.6066066066066,-167.9399399399399,-12.668912413604058,138,339,-14.733821208207779,167.9399399399399
250:文具・玩具・趣味雑貨,平日フラグ,1329.6149068322982,1161.4794520547946,168.13545477750358,14.475973249466623,328,149,17.575497965303054,168.13545477750358
250:文具・玩具・趣味雑貨,休日フラグ,1161.4794520547946,1329.6149068322982,-168.13545477750358,-12.645424920669168,149,328,-14.948265811716697,168.13545477750358
250:文具・玩具・趣味雑貨,連休フラグ,660.1875,1322.4449541284403,-662.2574541284403,-50.07826239277401,34,443,-44.193306693306695,662.2574541284403
250:文具・玩具・趣味雑貨,降雨フラグ,1624.1101321585902,950.3692946058092,673.740837552781,70.89253002773337,228,249,78.46321245872406,673.740837552781
398:用度品,祝日フラグ,51.05263157894737,59.05973223480947,-8.007100655862104,-13.557631152182509,38,995,-12.792496975278805,8.007100655862104
398:用度品,土曜フラグ,59.923611111111114,58.564161849710985,1.3594492614001297,2.321298928325461,150,883,2.0360721750891475,1.3594492614001297
398:用度品,日曜フラグ,50.89051094890511,59.99426605504587,-9.10375510614076,-15.174375327448614,137,896,-15.250054224018438,9.10375510614076
398:用度品,週末フラグ,55.519572953736656,60.00824175824176,-4.488668804505103,-7.480087189671096,287,746,-7.689622897553032,4.488668804505103
398:用度品,平日フラグ,60.50144927536232,54.98746081504702,5.513988460315296,10.027719735708224,708,325,10.111908680456303,5.513988460315296
398:用度品,休日フラグ,54.98746081504702,60.50144927536232,-5.513988460315296,-9.113812191868814,325,708,-9.183301608004058,5.513988460315296
398:用度品,連休フラグ,52.656565656565654,59.42197802197802,-6.765412365412367,-11.385370515451518,103,930,-11.628380579993484,6.765412365412367
398:用度品,降雨フラグ,59.87943262411348,57.948805460750854,1.9306271633626224,3.3316082152379316,434,599,2.7405512000135084,1.9306271633626224
105:調理麺,祝日フラグ,569.8076923076923,671.3855243722304,-101.57783206453814,-15.129583283690407,29,745,-16.185209640145263,101.57783206453814
105:調理麺,土曜フラグ,632.775,672.1043338683788,-39.32933386837885,-5.851670921687717,94,680,-6.622526193247961,39.32933386837885
105:調理麺,日曜フラグ,646.5769230769231,670.256,-23.679076923076877,-3.532840724003497,88,686,-3.9207784842243583,23.679076923076877
105:調理麺,週末フラグ,639.5886075949367,675.7577981651376,-36.16919057020095,-5.352389668074855,182,592,-6.009309490322149,36.16919057020095
105:調理麺,平日フラグ,681.0655105973025,629.7282608695652,51.33724972773723,8.152286139556097,563,211,9.06240815126875,51.33724972773723
105:調理麺,休日フラグ,629.7282608695652,681.0655105973025,-51.33724972773723,-7.537784387688911,211,563,-8.309378368666916,51.33724972773723
105:調理麺,連休フラグ,629.6851851851852,670.7858243451464,-41.10063915996113,-6.1272372892026405,67,707,-8.583975474355784,41.10063915996113
105:調理麺,降雨フラグ,662.3547297297297,671.4643734643735,-9.109643734643782,-1.356683108538315,322,452,-0.8720930232558186,9.109643734643782
255:電池・電器・喫煙具,祝日フラグ,643.2666666666667,759.195530726257,-115.9288640595903,-15.269961342987774,15,364,-6.7100977198696965,115.9288640595903
255:電池・電器・喫煙具,土曜フラグ,793.0,748.716049382716,44.28395061728395,5.914652244171091,50,329,27.301163456036615,44.28395061728395
255:電池・電器・喫煙具,日曜フラグ,682.8245614035088,767.4683544303797,-84.64379302687087,-11.028961981070095,57,322,-0.5999286571326687,84.64379302687087
255:電池・電器・喫煙具,週末フラグ,733.7547169811321,762.7827715355805,-29.02805455444843,-3.805546695294546,107,272,15.016800206771777,29.02805455444843
255:電池・電器・喫煙具,平日フラグ,769.8968253968254,722.5371900826447,47.359635314180764,6.554629431429504,257,122,-11.256377551020414,47.359635314180764
255:電池・電器・喫煙具,休日フラグ,722.5371900826447,769.8968253968254,-47.359635314180764,-6.1514262368558725,122,257,12.684153790873165,47.359635314180764
255:電池・電器・喫煙具,連休フラグ,681.5263157894736,762.8149253731343,-81.28860958366067,-10.656399983770374,38,341,-8.486614460025498,81.28860958366067
255:電池・電器・喫煙具,降雨フラグ,778.0201342281879,738.9107142857143,39.10941994247355,5.292847861907051,151,228,8.891710502448769,39.10941994247355
260:雨具,祝日フラグ,1941.5,2868.318181818182,-926.818181818182,-32.31225139850721,4,120,-56.21019108280255,926.818181818182
260:雨具,土曜フラグ,1800.8666666666666,2992.6060606060605,-1191.739393939394,-39.822795576977605,16,108,-43.87755102040816,1191.739393939394
260:雨具,日曜フラグ,2606.5454545454545,2860.2815533980583,-253.73609885260385,-8.871018258715177,11,113,-20.377241805813227,253.73609885260385
260:雨具,週末フラグ,2141.730769230769,3040.8636363636365,-899.1328671328674,-29.56833895412948,27,97,-37.088933371461245,899.1328671328674
260:雨具,平日フラグ,3093.214285714286,2115.0333333333333,978.1809523809525,46.24896151586039,93,31,71.42857142857143,978.1809523809525
260:雨具,休日フラグ,2115.0333333333333,3093.214285714286,-978.1809523809525,-31.62344609937267,31,93,-41.66666666666667,978.1809523809525
260:雨具,連休フラグ,2738.0833333333335,2847.294117647059,-109.21078431372553,-3.8355989863096727,12,112,-21.4041095890411,109.21078431372553
260:雨具,降雨フラグ,2971.3333333333335,1941.2666666666667,1030.0666666666668,53.06157491672106,102,22,86.23737373737373,1030.0666666666668
265:雑誌・コミック・新聞,祝日フラグ,281.1136363636364,462.4595607927156,-181.34592442907922,-39.21335827033802,74,2411,-26.680804272698712,181.34592442907922
265:雑誌・コミック・新聞,土曜フラグ,356.40875912408757,475.33598045204644,-118.92722132795888,-25.019612698971073,377,2108,-15.553208514185595,118.92722132795888
265:雑誌・コミック・新聞,日曜フラグ,243.8087431693989,480.99768518518516,-237.18894201578627,-49.3118676703128,244,2241,-31.16709578594009,237.18894201578627
265:雑誌・コミック・新聞,週末フラグ,311.31947483588624,504.4759284731774,-193.15645363729118,-38.28853721958334,621,1864,-24.501889263016025,193.15645363729118
265:雑誌・コミック・新聞,平日フラグ,511.4460992907801,308.6666666666667,202.77943262411344,65.69528054776893,1790,695,34.6638549666373,202.77943262411344
265:雑誌・コミック・新聞,休日フラグ,308.6666666666667,511.4460992907801,-202.77943262411344,-39.648250891991694,695,1790,-25.74102380718657,202.77943262411344
265:雑誌・コミック・新聞,連休フラグ,299.8581081081081,471.5836642087351,-171.725556100627,-36.41465324901857,260,2225,-23.665079802115628,171.725556100627
265:雑誌・コミック・新聞,降雨フラグ,490.84125,434.84068406840686,56.000565931593144,12.878409951812014,1017,1468,3.0170118343195247,56.000565931593144
280:チケット・カード,祝日フラグ,54000.0,11932.767295597485,42067.232704402515,352.5354317428359,4,159,8.016304347826091,42067.232704402515
280:チケット・カード,土曜フラグ,7306.8421052631575,13711.666666666666,-6404.824561403509,-46.710766219060474,19,144,5.009511731135074,6404.824561403509
280:チケット・カード,日曜フラグ,10087.142857142857,13390.704225352112,-3303.5613682092553,-24.670557370349112,21,142,-6.310958118187024,3303.5613682092553
280:チケット・カード,週末フラグ,8766.5,14330.487804878048,-5563.987804878048,-38.82622755510169,40,123,-1.0839160839160913,5563.987804878048
280:チケット・カード,平日フラグ,12997.058823529413,12878.636363636364,118.42245989304865,0.9195263888917764,119,44,0.04943153732081224,118.42245989304865
280:チケット・カード,休日フラグ,12878.636363636364,12997.058823529413,-118.42245989304865,-0.9111481412907114,44,119,-0.04940711462450749,118.42245989304865
280:チケット・カード,連休フラグ,17916.5625,12426.156462585033,5490.406037414967,44.184266099871635,16,147,-3.2894736842105226,5490.406037414967
280:チケット・カード,降雨フラグ,18546.267605633802,8657.880434782608,9888.387170851194,114.21256328656474,71,92,8.190892930397908,9888.387170851194
295:ビール,祝日フラグ,862.2424242424242,1233.9212410501193,-371.67881680769506,-30.121761782087535,33,840,-31.4390005978791,371.67881680769506
295:ビール,土曜フラグ,1233.4,1217.5670241286864,15.832975871313693,1.300378176933961,125,748,0.7126447648310027,15.832975871313693
295:ビール,日曜フラグ,1164.8636363636363,1227.7858081471747,-62.92217178353849,-5.124849250252614,111,762,-5.733414104278083,62.92217178353849
295:ビール,週末フラグ,1201.3191489361702,1226.682389937107,-25.363241000936796,-2.0676290137528746,236,637,-2.7695834746704375,25.363241000936796
295:ビール,平日フラグ,1246.6268656716418,1159.5671641791046,87.05970149253722,7.507948153582775,604,269,8.49764169179617,87.05970149253722
295:ビール,休日フラグ,1159.5671641791046,1246.6268656716418,-87.05970149253722,-6.983621474067327,269,604,-7.832098061573538,87.05970149253722
295:ビール,連休フラグ,1058.0,1236.659062103929,-178.65906210392905,-14.446913266456498,83,790,-15.318361104403131,178.65906210392905
295:ビール,降雨フラグ,1327.5014836795253,1151.8951310861423,175.606352593383,15.244994778977897,337,536,14.944887466065882,175.606352593383
190:和風菓子・珍味・豆菓子,祝日フラグ,229.14285714285714,239.09357384441938,-9.950716701562243,-4.161850333977305,56,1800,-9.744485201748661,9.950716701562243
190:和風菓子・珍味・豆菓子,土曜フラグ,228.89423076923077,240.05795314426635,-11.163722375035576,-4.650428044067581,210,1646,-5.514098631429922,11.163722375035576
190:和風菓子・珍味・豆菓子,日曜フラグ,205.43577981651376,243.29962779156327,-37.86384797504951,-15.562641142833055,223,1633,-19.832233204192786,37.86384797504951
190:和風菓子・珍味・豆菓子,週末フラグ,216.88967136150234,245.43376068376068,-28.544089322258344,-11.630058245750941,433,1423,-14.553990610328635,28.544089322258344
190:和風菓子・珍味・豆菓子,平日フラグ,246.11053412462908,218.31327800829877,27.797256116330317,12.732737270920214,1367,489,17.32168691972489,27.797256116330317
190:和風菓子・珍味・豆菓子,休日フラグ,218.31327800829877,246.11053412462908,-27.797256116330317,-11.294622643927111,489,1367,-14.764266841455253,27.797256116330317
190:和風菓子・珍味・豆菓子,連休フラグ,231.75625,239.462874251497,-7.706624251497004,-3.2182960617949847,164,1692,-8.361235119047608,7.706624251497004
190:和風菓子・珍味・豆菓子,降雨フラグ,250.59781121751027,230.93448589626934,19.663325321240933,8.51467689848335,741,1115,6.8844509513087155,19.663325321240933
305:ワイン・洋酒,祝日フラグ,691.9454545454546,912.201643017177,-220.25618847172245,-24.145559280424905,55,1341,-37.77296224740223,220.25618847172245
305:ワイン・洋酒,土曜フラグ,822.9625668449198,915.9908864954432,-93.02831965052337,-10.15603113765108,187,1209,-10.350676273176672,93.02831965052337
305:ワイン・洋酒,日曜フラグ,666.1065088757397,936.2636734693878,-270.1571645936481,-28.854816463460832,170,1226,-31.093486043595732,270.1571645936481
305:ワイン・洋酒,週末フラグ,748.5,956.6753371868979,-208.17533718689788,-21.760290988480698,357,1039,-23.06929866246205,208.17533718689788
305:ワイン・洋酒,平日フラグ,971.4872838250254,740.9318734793187,230.55541034570672,31.116951314707087,984,412,37.10630143231825,230.55541034570672
305:ワイン・洋酒,休日フラグ,740.9318734793187,971.4872838250254,-230.55541034570672,-23.732210826058743,412,984,-27.063892063805365,230.55541034570672
305:ワイン・洋酒,連休フラグ,711.1942446043165,924.811952191235,-213.61770758691853,-23.098502033929826,139,1257,-31.30130519661413,213.61770758691853
305:ワイン・洋酒,降雨フラグ,934.4946996466431,882.3321256038647,52.162574042778374,5.911897858992554,566,830,4.804074176923014,52.162574042778374
xxx:不明,祝日フラグ,621.5,689.6802030456853,-68.18020304568529,-9.885770643349748,6,197,7.065217391304344,68.18020304568529
xxx:不明,土曜フラグ,977.2,647.0,330.20000000000005,51.03554868624421,25,178,44.20253164556963,330.20000000000005
xxx:不明,日曜フラグ,631.21875,698.2280701754386,-67.00932017543857,-9.597053317922558,32,171,0.19531250000000555,67.00932017543857
xxx:不明,週末フラグ,782.9649122807018,650.4589041095891,132.50600817111274,20.371157552605073,57,146,24.067982456140363,132.50600817111274
xxx:不明,平日フラグ,651.7,767.5873015873016,-115.88730158730152,-15.097605360023152,140,63,-19.264705882352935,115.88730158730152
xxx:不明,休日フラグ,767.5873015873016,651.7,115.88730158730152,17.782308053905403,63,140,23.861566484517297,115.88730158730152
xxx:不明,連休フラグ,702.0526315789474,686.179347826087,15.873283752860402,2.3132849747153137,19,184,6.0315021129465896,15.873283752860402
xxx:不明,降雨フラグ,681.8023255813954,691.974358974359,-10.172033392963613,-1.4700014908125427,86,117,-2.6484329886083255,10.172033392963613
300:日本酒・焼酎,土曜フラグ,350.4,318.54545454545456,31.854545454545416,9.999999999999988,5,34,10.000000000000004,31.854545454545416
300:日本酒・焼酎,日曜フラグ,219.0,331.62857142857143,-112.62857142857143,-33.9622641509434,4,35,-33.9622641509434,112.62857142857143
300:日本酒・焼酎,週末フラグ,301.125,328.5,-27.375,-8.333333333333332,9,30,-8.333333333333332,27.375
300:日本酒・焼酎,平日フラグ,324.7241379310345,316.3333333333333,8.390804597701162,2.6525198938992087,29,10,2.6525198938992114,8.390804597701162
300:日本酒・焼酎,休日フラグ,316.3333333333333,324.7241379310345,-8.390804597701162,-2.5839793281653787,10,29,-2.5839793281653813,8.390804597701162
300:日本酒・焼酎,連休フラグ,262.8,331.8181818181818,-69.0181818181818,-20.799999999999997,5,34,-20.8,69.0181818181818
300:日本酒・焼酎,降雨フラグ,273.75,345.34615384615387,-71.59615384615387,-20.731707317073177,12,27,-20.731707317073166,71.59615384615387
165:インスタント食品,祝日フラグ,249.25,372.94871794871796,-123.69871794871796,-33.167755242351326,4,119,-30.687203791469198,123.69871794871796
165:インスタント食品,土曜フラグ,445.64285714285717,358.8130841121495,86.82977303070766,24.199165770545985,15,108,13.829787234042554,86.82977303070766
165:インスタント食品,日曜フラグ,323.3076923076923,374.3425925925926,-51.03490028490029,-13.633206932571252,13,110,-10.532544378698224,51.03490028490029
165:インスタント食品,週末フラグ,386.74074074074076,363.72340425531917,23.017336485421595,6.32825279213112,28,95,2.151253049456642,23.017336485421595
165:インスタント食品,平日フラグ,368.81111111111113,369.0,-0.18888888888886868,-0.051189400782891234,91,32,3.3333333333333353,0.18888888888886868
165:インスタント食品,休日フラグ,369.0,368.81111111111113,0.18888888888886868,0.05121561775072509,32,91,-3.2258064516129052,0.18888888888886868
165:インスタント食品,連休フラグ,243.8,380.1261261261261,-136.3261261261261,-35.86339289946437,10,113,-28.916256157635466,136.3261261261261
165:インスタント食品,降雨フラグ,338.1521739130435,387.6933333333333,-49.54115942028983,-12.778439854598952,47,76,-11.490683229813666,49.54115942028983
140:カウンターＦＦ,祝日フラグ,1377.6,2399.5,-1021.9000000000001,-42.58803917482809,7,238,-41.85022026431717,1021.9000000000001
140:カウンターＦＦ,土曜フラグ,4354.6,1888.3742331288342,2466.2257668711663,130.60047757508818,48,197,134.5029639762882,2466.2257668711663
140:カウンターＦＦ,日曜フラグ,4207.96875,2031.1929824561403,2176.7757675438597,107.16735368550157,43,202,110.98859507468713,2176.7757675438597
140:カウンターＦＦ,週末フラグ,4289.430555555556,1321.7557251908397,2967.674830364716,224.5252109603106,91,154,235.4366712391404,2967.674830364716
140:カウンターＦＦ,平日フラグ,1319.5396825396826,4100.350649350649,-2780.8109668109664,-67.81885757139693,147,98,-68.91072295002428,2780.8109668109664
140:カウンターＦＦ,休日フラグ,4100.350649350649,1319.5396825396826,2780.8109668109664,210.74098821028363,98,147,221.65431135388224,2780.8109668109664
140:カウンターＦＦ,連休フラグ,3511.7083333333335,2221.832402234637,1289.8759310986966,58.05460077913109,38,207,61.82928261124809,1289.8759310986966
140:カウンターＦＦ,降雨フラグ,2223.1184210526317,2464.818897637795,-241.70047658516341,-9.80601361084993,88,157,-10.16325861382427,241.70047658516341
399:その他,土曜フラグ,5281.333333333333,6006.173913043478,-724.840579710145,-12.068258265649359,3,24,-24.056603773584907,724.840579710145
399:その他,日曜フラグ,2757.0,6335.434782608696,-3578.434782608696,-56.4828603781354,3,24,-69.19642857142857,3578.434782608696
399:その他,週末フラグ,4019.1666666666665,6493.55,-2474.3833333333337,-38.10524802817155,6,21,-50.73891625615764,2474.3833333333337
399:その他,平日フラグ,6688.777777777777,4198.5,2490.2777777777774,59.31351143927063,19,8,102.11640211640211,2490.2777777777774
399:その他,休日フラグ,4198.5,6688.777777777777,-2490.2777777777774,-37.23068489509792,8,19,-50.523560209424076,2490.2777777777774
399:その他,連休フラグ,7788.0,5679.217391304348,2108.782608695652,37.131570485829336,3,24,40.101522842639596,2108.782608695652
399:その他,降雨フラグ,7920.428571428572,3591.6666666666665,4328.761904761905,120.52237321842891,14,13,147.14285714285717,4328.761904761905
170:乾物・缶詰・調味料,日曜フラグ,1940.0,1089.1891891891892,850.8108108108108,78.11414392059554,6,37,115.83333333333331,850.8108108108108
170:乾物・缶詰・調味料,週末フラグ,1630.0,1111.4285714285713,518.5714285714287,46.658097686375335,8,35,73.49137931034481,518.5714285714287
170:乾物・缶詰・調味料,平日フラグ,1146.6666666666667,1410.0,-263.33333333333326,-18.676122931442073,33,10,-32.12121212121212,263.33333333333326
170:乾物・缶詰・調味料,休日フラグ,1410.0,1146.6666666666667,263.33333333333326,22.965116279069758,10,33,47.32142857142857,263.33333333333326
170:乾物・缶詰・調味料,連休フラグ,1053.3333333333333,1219.5,-166.16666666666674,-13.62580292469592,3,40,-12.280701754385957,166.16666666666674
170:乾物・缶詰・調味料,降雨フラグ,1315.0,1144.4444444444443,170.55555555555566,14.902912621359231,16,27,10.204081632653057,170.55555555555566
148:半生菓子,祝日フラグ,335.3953488372093,306.93085787451986,28.464490962689467,9.273909817932473,43,781,8.002091168187263,28.464490962689467
148:半生菓子,土曜フラグ,301.55555555555554,309.45111731843576,-7.89556176288022,-2.5514730181941525,108,716,1.5112981963810712,7.89556176288022
148:半生菓子,日曜フラグ,246.4659090909091,315.8233695652174,-69.35746047430828,-21.960838607285517,88,736,-21.06230847803881,69.35746047430828
148:半生菓子,週末フラグ,276.82142857142856,318.2770700636943,-41.45564149226573,-13.025016688751576,196,628,-10.13969128405087,41.45564149226573
148:半生菓子,平日フラグ,317.01880341880343,287.35983263598325,29.658970782820177,10.321195732456824,585,239,7.6246970276821,29.658970782820177
148:半生菓子,休日フラグ,287.35983263598325,317.01880341880343,-29.658970782820177,-9.355587259484622,239,585,-7.084523569642156,29.658970782820177
148:半生菓子,連休フラグ,236.03389830508473,313.9986928104575,-77.96479450537277,-24.829655756699445,59,765,-20.90395480225989,77.96479450537277
148:半生菓子,降雨フラグ,309.72323759791124,307.281179138322,2.442058459589248,0.7947308931960196,383,441,0.5292227354890499,2.442058459589248
